"SPEC(High, Mid, Low)",CPU NAME,CPU BenchMark,CPU Core,CPU Thread,CPU ClockSpeed GHZ,CPU ClockSpeed Turbo GHz,GPU NAME,GPU BenchMark,GPU Memory GB,GPU Clock MHz,GPU Clock Boost MHz,GAME NAME,RESOLUTION,GAME SETTING,GAME MIN FRAME,GAME AVG FRAME,GAME MAX FRAME
High,Intel Core i9-12900,38803,16,24,2.4,5.1,GeForce RTX 3090,26303,24,1560,1860,1,QHD,ULTRA,71,87,133
High,Intel Core i9-12900,38803,16,24,2.4,5.1,GeForce RTX 3090,26303,24,1560,1860,1,QHD,HIGH,96,117,179
High,Intel Core i9-12900,38803,16,24,2.4,5.1,GeForce RTX 3090,26303,24,1560,1860,1,QHD,MEDIUM,125,152,234
High,Intel Core i9-12900,38803,16,24,2.4,5.1,GeForce RTX 3080 Ti,26619,12,1365,1665,1,QHD,ULTRA,65,80,122
High,Intel Core i9-12900,38803,16,24,2.4,5.1,GeForce RTX 3080 Ti,26619,12,1365,1665,1,QHD,HIGH,88,108,162
High,Intel Core i9-12900,38803,16,24,2.4,5.1,GeForce RTX 3080 Ti,26619,12,1365,1665,1,QHD,MEDIUM,115,140,215
High,Intel Core i9-12900,38803,16,24,2.4,5.1,GeForce RTX 2080 Ti,21780,11,1350,1545,1,QHD,ULTRA,58,71,108
High,Intel Core i9-12900,38803,16,24,2.4,5.1,GeForce RTX 2080 Ti,21780,11,1350,1545,1,QHD,HIGH,80,96,144
High,Intel Core i9-12900,38803,16,24,2.4,5.1,GeForce RTX 2080 Ti,21780,11,1350,1545,1,QHD,MEDIUM,105,125,194
High,AMD Ryzen 7 5800X,28393,8,16,3.8,4.7,GeForce RTX 3080 Ti,26619,12,1365,1665,1,QHD,ULTRA,57,69,106
High,AMD Ryzen 7 5800X,28393,8,16,3.8,4.7,GeForce RTX 3080 Ti,26619,12,1365,1665,1,QHD,HIGH,76,93,142
High,AMD Ryzen 7 5800X,28393,8,16,3.8,4.7,GeForce RTX 3080 Ti,26619,12,1365,1665,1,QHD,MEDIUM,100,121,186
High,AMD Ryzen 7 5800X,28393,8,16,3.8,4.7,GeForce RTX 3070 Ti,23166,8,1575,1770,1,QHD,ULTRA,57,69,106
High,AMD Ryzen 7 5800X,28393,8,16,3.8,4.7,GeForce RTX 3070 Ti,23166,8,1575,1770,1,QHD,HIGH,76,93,142
High,AMD Ryzen 7 5800X,28393,8,16,3.8,4.7,GeForce RTX 3070 Ti,23166,8,1575,1770,1,QHD,MEDIUM,100,121,186
High,AMD Ryzen 7 5800X,28393,8,16,3.8,4.7,AMD Radeon RX 6800,20660,16,1700,1815,1,QHD,ULTRA,57,69,106
High,AMD Ryzen 7 5800X,28393,8,16,3.8,4.7,AMD Radeon RX 6800,20660,16,1700,1815,1,QHD,HIGH,76,93,142
High,AMD Ryzen 7 5800X,28393,8,16,3.8,4.7,AMD Radeon RX 6800,20660,16,1700,1815,1,QHD,MEDIUM,100,121,186
High,AMD Ryzen 7 5800X,28393,8,16,3.8,4.7,GeForce RTX 2080 Ti,21780,11,1350,1545,1,QHD,ULTRA,56,69,106
High,AMD Ryzen 7 5800X,28393,8,16,3.8,4.7,GeForce RTX 2080 Ti,21780,11,1350,1545,1,QHD,HIGH,76,93,142
High,AMD Ryzen 7 5800X,28393,8,16,3.8,4.7,GeForce RTX 2080 Ti,21780,11,1350,1545,1,QHD,MEDIUM,100,121,186
High,Intel Core i7-12700K,33961,12,20,3.6,5,GeForce RTX 3090,26303,24,1560,1860,1,QHD,ULTRA,69,85,131
High,Intel Core i7-12700K,33961,12,20,3.6,5,GeForce RTX 3090,26303,24,1560,1860,1,QHD,HIGH,94,115,177
High,Intel Core i7-12700K,33961,12,20,3.6,5,GeForce RTX 3090,26303,24,1560,1860,1,QHD,MEDIUM,122,150,232
High,Intel Core i7-12700K,33961,12,20,3.6,5,GeForce RTX 3080 Ti,26619,12,1365,1665,1,QHD,ULTRA,63,77,118
High,Intel Core i7-12700K,33961,12,20,3.6,5,GeForce RTX 3080 Ti,26619,12,1365,1665,1,QHD,HIGH,84,103,159
High,Intel Core i7-12700K,33961,12,20,3.6,5,GeForce RTX 3080 Ti,26619,12,1365,1665,1,QHD,MEDIUM,110,135,207
High,Intel Core i7-12700K,33961,12,20,3.6,5,GeForce RTX 3070 Ti,23166,8,1575,1770,1,QHD,ULTRA,63,77,118
High,Intel Core i7-12700K,33961,12,20,3.6,5,GeForce RTX 3070 Ti,23166,8,1575,1770,1,QHD,HIGH,84,103,159
High,Intel Core i7-12700K,33961,12,20,3.6,5,GeForce RTX 3070 Ti,23166,8,1575,1770,1,QHD,MEDIUM,110,135,207
High,Intel Core i7-12700K,33961,12,20,3.6,5,AMD Radeon RX 6800,20660,16,1700,1815,1,QHD,ULTRA,44,68,92
High,Intel Core i7-12700K,33961,12,20,3.6,5,AMD Radeon RX 6800,20660,16,1700,1815,1,QHD,HIGH,73,94,104
High,Intel Core i7-12700K,33961,12,20,3.6,5,AMD Radeon RX 6800,20660,16,1700,1815,1,QHD,MEDIUM,96,123,137
High,Intel Core i7-12700K,33961,12,20,3.6,5,GeForce RTX 2080 Ti,21780,11,1350,1545,1,QHD,ULTRA,57,74,82
High,Intel Core i7-12700K,33961,12,20,3.6,5,GeForce RTX 2080 Ti,21780,11,1350,1545,1,QHD,HIGH,77,100,111
High,Intel Core i7-12700K,33961,12,20,3.6,5,GeForce RTX 2080 Ti,21780,11,1350,1545,1,QHD,MEDIUM,101,130,145
High,Intel Core i5-12600K,27341,10,16,3.7,4.9,GeForce RTX 3090,26303,24,1560,1860,1,QHD,ULTRA,64,79,126
High,Intel Core i5-12600K,27341,10,16,3.7,4.9,GeForce RTX 3090,26303,24,1560,1860,1,QHD,HIGH,92,113,174
High,Intel Core i5-12600K,27341,10,16,3.7,4.9,GeForce RTX 3090,26303,24,1560,1860,1,QHD,MEDIUM,119,148,227
High,Intel Core i5-12600K,27341,10,16,3.7,4.9,GeForce RTX 3080 Ti,26619,12,1365,1665,1,QHD,ULTRA,61,75,116
High,Intel Core i5-12600K,27341,10,16,3.7,4.9,GeForce RTX 3080 Ti,26619,12,1365,1665,1,QHD,HIGH,82,102,157
High,Intel Core i5-12600K,27341,10,16,3.7,4.9,GeForce RTX 3080 Ti,26619,12,1365,1665,1,QHD,MEDIUM,107,133,205
High,Intel Core i5-12600K,27341,10,16,3.7,4.9,GeForce RTX 3070 Ti,23166,8,1575,1770,1,QHD,ULTRA,61,75,116
High,Intel Core i5-12600K,27341,10,16,3.7,4.9,GeForce RTX 3070 Ti,23166,8,1575,1770,1,QHD,HIGH,81,100,156
High,Intel Core i5-12600K,27341,10,16,3.7,4.9,GeForce RTX 3070 Ti,23166,8,1575,1770,1,QHD,MEDIUM,106,132,204
High,Intel Core i5-12600K,27341,10,16,3.7,4.9,AMD Radeon RX 6800,20660,16,1700,1815,1,QHD,ULTRA,42,66,90
High,Intel Core i5-12600K,27341,10,16,3.7,4.9,AMD Radeon RX 6800,20660,16,1700,1815,1,QHD,HIGH,71,93,102
High,Intel Core i5-12600K,27341,10,16,3.7,4.9,AMD Radeon RX 6800,20660,16,1700,1815,1,QHD,MEDIUM,96,123,137
High,Intel Core i5-12600K,27341,10,16,3.7,4.9,GeForce RTX 2080 Ti,21780,11,1350,1545,1,QHD,ULTRA,57,74,82
High,Intel Core i5-12600K,27341,10,16,3.7,4.9,GeForce RTX 2080 Ti,21780,11,1350,1545,1,QHD,HIGH,77,100,111
High,Intel Core i5-12600K,27341,10,16,3.7,4.9,GeForce RTX 2080 Ti,21780,11,1350,1545,1,QHD,MEDIUM,101,130,145
Mid,Intel Core i5-12500,20369,6,12,3,4.6,GeForce GTX 1660 Super,12723,6,1530,1785,1,FHD,ULTRA,41,50,76
Mid,Intel Core i5-12500,20369,6,12,3,4.6,GeForce GTX 1660 Super,12723,6,1530,1785,1,FHD,HIGH,58,67,102
Mid,Intel Core i5-12500,20369,6,12,3,4.6,GeForce GTX 1660 Super,12723,6,1530,1785,1,FHD,MEDIUM,71,87,134
Mid,Intel Core i5-12500,20369,6,12,3,4.6,GeForce RTX 2070,16078,8,1410,1620,1,FHD,ULTRA,46,56,86
Mid,Intel Core i5-12500,20369,6,12,3,4.6,GeForce RTX 2070,16078,8,1410,1620,1,FHD,HIGH,61,75,116
Mid,Intel Core i5-12500,20369,6,12,3,4.6,GeForce RTX 2070,16078,8,1410,1620,1,FHD,MEDIUM,82,100,154
Mid,Intel Core i5-12500,20369,6,12,3,4.6,GeForce RTX 3060,16890,12,1320,1777,1,FHD,ULTRA,40,47,55
Mid,Intel Core i5-12500,20369,6,12,3,4.6,GeForce RTX 3060,16890,12,1320,1777,1,FHD,HIGH,64,78,120
Mid,Intel Core i5-12500,20369,6,12,3,4.6,GeForce RTX 3060,16890,12,1320,1777,1,FHD,MEDIUM,84,102,157
Mid,Intel Core i5-12500,20369,6,12,3,4.6,GeForce RTX 3050,12687,8,1552,1777,1,FHD,ULTRA,29,37,54
Mid,Intel Core i5-12500,20369,6,12,3,4.6,GeForce RTX 3050,12687,8,1552,1777,1,FHD,HIGH,46,59,77
Mid,Intel Core i5-12500,20369,6,12,3,4.6,GeForce RTX 3050,12687,8,1552,1777,1,FHD,MEDIUM,84,102,132
Mid,AMD Ryzen 5 5600X,22103,6,12,3.7,4.6,GeForce GTX 1660 Super,12723,6,1530,1785,1,FHD,ULTRA,34,44,49
Mid,AMD Ryzen 5 5600X,22103,6,12,3.7,4.6,GeForce GTX 1660 Super,12723,6,1530,1785,1,FHD,HIGH,46,60,66
Mid,AMD Ryzen 5 5600X,22103,6,12,3.7,4.6,GeForce GTX 1660 Super,12723,6,1530,1785,1,FHD,MEDIUM,60,78,86
Mid,AMD Ryzen 5 5600X,22103,6,12,3.7,4.6,GeForce RTX 2070,16078,8,1410,1620,1,FHD,ULTRA,47,58,89
Mid,AMD Ryzen 5 5600X,22103,6,12,3.7,4.6,GeForce RTX 2070,16078,8,1410,1620,1,FHD,HIGH,64,78,120
Mid,AMD Ryzen 5 5600X,22103,6,12,3.7,4.6,GeForce RTX 2070,16078,8,1410,1620,1,FHD,MEDIUM,83,102,157
Mid,AMD Ryzen 5 5600X,22103,6,12,3.7,4.6,GeForce RTX 3060,16890,12,1320,1777,1,FHD,ULTRA,47,58,70
Mid,AMD Ryzen 5 5600X,22103,6,12,3.7,4.6,GeForce RTX 3060,16890,12,1320,1777,1,FHD,HIGH,64,78,120
Mid,AMD Ryzen 5 5600X,22103,6,12,3.7,4.6,GeForce RTX 3060,16890,12,1320,1777,1,FHD,MEDIUM,84,102,157
Mid,AMD Ryzen 5 5600X,22103,6,12,3.7,4.6,GeForce RTX 3050,12687,8,1552,1777,1,FHD,ULTRA,29,37,54
Mid,AMD Ryzen 5 5600X,22103,6,12,3.7,4.6,GeForce RTX 3050,12687,8,1552,1777,1,FHD,HIGH,46,59,77
Mid,AMD Ryzen 5 5600X,22103,6,12,3.7,4.6,GeForce RTX 3050,12687,8,1552,1777,1,FHD,MEDIUM,84,102,132
Mid,Intel Core i5-12400F,19658,6,12,2.5,4.4,GeForce GTX 1660 Super,12723,6,1530,1785,1,FHD,ULTRA,29,37,54
Mid,Intel Core i5-12400F,19658,6,12,2.5,4.4,GeForce GTX 1660 Super,12723,6,1530,1785,1,FHD,HIGH,46,59,77
Mid,Intel Core i5-12400F,19658,6,12,2.5,4.4,GeForce GTX 1660 Super,12723,6,1530,1785,1,FHD,MEDIUM,84,102,132
Mid,Intel Core i5-12400F,19658,6,12,2.5,4.4,GeForce RTX 2070,16078,8,1410,1620,1,FHD,ULTRA,29,37,54
Mid,Intel Core i5-12400F,19658,6,12,2.5,4.4,GeForce RTX 2070,16078,8,1410,1620,1,FHD,HIGH,46,59,77
Mid,Intel Core i5-12400F,19658,6,12,2.5,4.4,GeForce RTX 2070,16078,8,1410,1620,1,FHD,MEDIUM,84,102,132
Mid,Intel Core i5-12400F,19658,6,12,2.5,4.4,GeForce RTX 3060,16890,12,1320,1777,1,FHD,ULTRA,29,37,54
Mid,Intel Core i5-12400F,19658,6,12,2.5,4.4,GeForce RTX 3060,16890,12,1320,1777,1,FHD,HIGH,46,59,77
Mid,Intel Core i5-12400F,19658,6,12,2.5,4.4,GeForce RTX 3060,16890,12,1320,1777,1,FHD,MEDIUM,84,102,132
Mid,Intel Core i5-12400F,19658,6,12,2.5,4.4,GeForce RTX 3050,12687,8,1552,1777,1,FHD,ULTRA,29,37,54
Mid,Intel Core i5-12400F,19658,6,12,2.5,4.4,GeForce RTX 3050,12687,8,1552,1777,1,FHD,HIGH,46,59,77
Mid,Intel Core i5-12400F,19658,6,12,2.5,4.4,GeForce RTX 3050,12687,8,1552,1777,1,FHD,MEDIUM,84,102,132
Mid,AMD Ryzen5 PRO 4650G,16431,6,12,3.7,4.2,GeForce GTX 1660 Super,12723,6,1530,1785,1,FHD,ULTRA,29,39,49
Mid,AMD Ryzen5 PRO 4650G,16431,6,12,3.7,4.2,GeForce GTX 1660 Super,12723,6,1530,1785,1,FHD,HIGH,33,46,59
Mid,AMD Ryzen5 PRO 4650G,16431,6,12,3.7,4.2,GeForce GTX 1660 Super,12723,6,1530,1785,1,FHD,MEDIUM,42,58,74
Mid,AMD Ryzen5 PRO 4650G,16431,6,12,3.7,4.2,GeForce RTX 2070,16078,8,1410,1620,1,FHD,ULTRA,33,46,60
Mid,AMD Ryzen5 PRO 4650G,16431,6,12,3.7,4.2,GeForce RTX 2070,16078,8,1410,1620,1,FHD,HIGH,63,82,102
Mid,AMD Ryzen5 PRO 4650G,16431,6,12,3.7,4.2,GeForce RTX 2070,16078,8,1410,1620,1,FHD,MEDIUM,84,117,132
Mid,AMD Ryzen5 PRO 4650G,16431,6,12,3.7,4.2,GeForce RTX 3060,16890,12,1320,1777,1,FHD,ULTRA,30,42,54
Mid,AMD Ryzen5 PRO 4650G,16431,6,12,3.7,4.2,GeForce RTX 3060,16890,12,1320,1777,1,FHD,HIGH,46,59,77
Mid,AMD Ryzen5 PRO 4650G,16431,6,12,3.7,4.2,GeForce RTX 3060,16890,12,1320,1777,1,FHD,MEDIUM,84,102,132
Mid,AMD Ryzen5 PRO 4650G,16431,6,12,3.7,4.2,GeForce RTX 3050,12687,8,1552,1777,1,FHD,ULTRA,25,35,50
Mid,AMD Ryzen5 PRO 4650G,16431,6,12,3.7,4.2,GeForce RTX 3050,12687,8,1552,1777,1,FHD,HIGH,44,55,74
Mid,AMD Ryzen5 PRO 4650G,16431,6,12,3.7,4.2,GeForce RTX 3050,12687,8,1552,1777,1,FHD,MEDIUM,81,100,125
Low,Intel Core i3-12100F,14566,4,8,3.3,4.3,GeForce GTX 1650,7797,4,1410,1590,1,FHD,ULTRA,20,22,29
Low,Intel Core i3-12100F,14566,4,8,3.3,4.3,GeForce GTX 1650,7797,4,1410,1590,1,FHD,HIGH,24,26,33
Low,Intel Core i3-12100F,14566,4,8,3.3,4.3,GeForce GTX 1650,7797,4,1410,1590,1,FHD,MEDIUM,30,38,44
Low,Intel Core i3-12100F,14566,4,8,3.3,4.3,GeForce GTX 1050Ti,6314,4,1291,1392,1,FHD,ULTRA,20,22,29
Low,Intel Core i3-12100F,14566,4,8,3.3,4.3,GeForce GTX 1050Ti,6314,4,1291,1392,1,FHD,HIGH,24,26,33
Low,Intel Core i3-12100F,14566,4,8,3.3,4.3,GeForce GTX 1050Ti,6314,4,1291,1392,1,FHD,MEDIUM,30,38,44
Low,Intel Core i3-12100,14573,4,8,3.3,4.3,Intel UHD 730,1521,4,300,1400,1,FHD,ULTRA,20,22,29
Low,Intel Core i3-12100,14573,4,8,3.3,4.3,Intel UHD 730,1521,4,300,1400,1,FHD,HIGH,24,26,33
Low,Intel Core i3-12100,14573,4,8,3.3,4.3,Intel UHD 730,1521,4,300,1400,1,FHD,MEDIUM,30,38,44
High,Intel Core i9-12900,38803,16,24,2.4,5.1,GeForce RTX 3090,26303,24,1560,1860,2,QHD,ULTRA,108,119,137
High,Intel Core i9-12900,38803,16,24,2.4,5.1,GeForce RTX 3090,26303,24,1560,1860,2,QHD,HIGH,145,160,184
High,Intel Core i9-12900,38803,16,24,2.4,5.1,GeForce RTX 3090,26303,24,1560,1860,2,QHD,MEDIUM,190,210,240
High,Intel Core i9-12900,38803,16,24,2.4,5.1,GeForce RTX 3080 Ti,26619,12,1365,1665,2,QHD,ULTRA,106,117,135
High,Intel Core i9-12900,38803,16,24,2.4,5.1,GeForce RTX 3080 Ti,26619,12,1365,1665,2,QHD,HIGH,142,158,182
High,Intel Core i9-12900,38803,16,24,2.4,5.1,GeForce RTX 3080 Ti,26619,12,1365,1665,2,QHD,MEDIUM,186,206,238
High,Intel Core i9-12900,38803,16,24,2.4,5.1,GeForce RTX 2080 Ti,21780,11,1350,1545,2,QHD,ULTRA,76,84,97
High,Intel Core i9-12900,38803,16,24,2.4,5.1,GeForce RTX 2080 Ti,21780,11,1350,1545,2,QHD,HIGH,102,113,130
High,Intel Core i9-12900,38803,16,24,2.4,5.1,GeForce RTX 2080 Ti,21780,11,1350,1545,2,QHD,MEDIUM,133,148,170
High,AMD Ryzen 7 5800X,28393,8,16,3.8,4.7,GeForce RTX 3080 Ti,26619,12,1365,1665,2,QHD,ULTRA,108,119,137
High,AMD Ryzen 7 5800X,28393,8,16,3.8,4.7,GeForce RTX 3080 Ti,26619,12,1365,1665,2,QHD,HIGH,145,160,184
High,AMD Ryzen 7 5800X,28393,8,16,3.8,4.7,GeForce RTX 3080 Ti,26619,12,1365,1665,2,QHD,MEDIUM,190,210,240
High,AMD Ryzen 7 5800X,28393,8,16,3.8,4.7,GeForce RTX 3070 Ti,23166,8,1575,1770,2,QHD,ULTRA,106,117,135
High,AMD Ryzen 7 5800X,28393,8,16,3.8,4.7,GeForce RTX 3070 Ti,23166,8,1575,1770,2,QHD,HIGH,142,158,182
High,AMD Ryzen 7 5800X,28393,8,16,3.8,4.7,GeForce RTX 3070 Ti,23166,8,1575,1770,2,QHD,MEDIUM,186,206,238
High,AMD Ryzen 7 5800X,28393,8,16,3.8,4.7,AMD Radeon RX 6800,20660,16,1700,1815,2,QHD,ULTRA,71,79,91
High,AMD Ryzen 7 5800X,28393,8,16,3.8,4.7,AMD Radeon RX 6800,20660,16,1700,1815,2,QHD,HIGH,96,107,123
High,AMD Ryzen 7 5800X,28393,8,16,3.8,4.7,AMD Radeon RX 6800,20660,16,1700,1815,2,QHD,MEDIUM,125,139,160
High,AMD Ryzen 7 5800X,28393,8,16,3.8,4.7,GeForce RTX 2080 Ti,21780,11,1350,1545,2,QHD,ULTRA,74,82,95
High,AMD Ryzen 7 5800X,28393,8,16,3.8,4.7,GeForce RTX 2080 Ti,21780,11,1350,1545,2,QHD,HIGH,100,113,130
High,AMD Ryzen 7 5800X,28393,8,16,3.8,4.7,GeForce RTX 2080 Ti,21780,11,1350,1545,2,QHD,MEDIUM,133,148,170
High,Intel Core i7-12700K,33961,12,20,3.6,5,GeForce RTX 3090,26303,24,1560,1860,2,QHD,ULTRA,108,119,137
High,Intel Core i7-12700K,33961,12,20,3.6,5,GeForce RTX 3090,26303,24,1560,1860,2,QHD,HIGH,145,160,184
High,Intel Core i7-12700K,33961,12,20,3.6,5,GeForce RTX 3090,26303,24,1560,1860,2,QHD,MEDIUM,190,210,240
High,Intel Core i7-12700K,33961,12,20,3.6,5,GeForce RTX 3080 Ti,26619,12,1365,1665,2,QHD,ULTRA,106,117,135
High,Intel Core i7-12700K,33961,12,20,3.6,5,GeForce RTX 3080 Ti,26619,12,1365,1665,2,QHD,HIGH,142,158,182
High,Intel Core i7-12700K,33961,12,20,3.6,5,GeForce RTX 3080 Ti,26619,12,1365,1665,2,QHD,MEDIUM,186,206,238
High,Intel Core i7-12700K,33961,12,20,3.6,5,GeForce RTX 3070 Ti,23166,8,1575,1770,2,QHD,ULTRA,80,89,103
High,Intel Core i7-12700K,33961,12,20,3.6,5,GeForce RTX 3070 Ti,23166,8,1575,1770,2,QHD,HIGH,108,120,138
High,Intel Core i7-12700K,33961,12,20,3.6,5,GeForce RTX 3070 Ti,23166,8,1575,1770,2,QHD,MEDIUM,141,157,181
High,Intel Core i7-12700K,33961,12,20,3.6,5,AMD Radeon RX 6800,20660,16,1700,1815,2,QHD,ULTRA,73,81,93
High,Intel Core i7-12700K,33961,12,20,3.6,5,AMD Radeon RX 6800,20660,16,1700,1815,2,QHD,HIGH,99,109,126
High,Intel Core i7-12700K,33961,12,20,3.6,5,AMD Radeon RX 6800,20660,16,1700,1815,2,QHD,MEDIUM,127,142,162
High,Intel Core i7-12700K,33961,12,20,3.6,5,GeForce RTX 2080 Ti,21780,11,1350,1545,2,QHD,ULTRA,75,97,84
High,Intel Core i7-12700K,33961,12,20,3.6,5,GeForce RTX 2080 Ti,21780,11,1350,1545,2,QHD,HIGH,102,113,130
High,Intel Core i7-12700K,33961,12,20,3.6,5,GeForce RTX 2080 Ti,21780,11,1350,1545,2,QHD,MEDIUM,133,148,170
High,Intel Core i5-12600K,27341,10,16,3.7,4.9,GeForce RTX 3090,26303,24,1560,1860,2,QHD,ULTRA,104,112,126
High,Intel Core i5-12600K,27341,10,16,3.7,4.9,GeForce RTX 3090,26303,24,1560,1860,2,QHD,HIGH,135,152,176
High,Intel Core i5-12600K,27341,10,16,3.7,4.9,GeForce RTX 3090,26303,24,1560,1860,2,QHD,MEDIUM,180,200,230
High,Intel Core i5-12600K,27341,10,16,3.7,4.9,GeForce RTX 3080 Ti,26619,12,1365,1665,2,QHD,ULTRA,104,115,132
High,Intel Core i5-12600K,27341,10,16,3.7,4.9,GeForce RTX 3080 Ti,26619,12,1365,1665,2,QHD,HIGH,135,154,178
High,Intel Core i5-12600K,27341,10,16,3.7,4.9,GeForce RTX 3080 Ti,26619,12,1365,1665,2,QHD,MEDIUM,180,200,230
High,Intel Core i5-12600K,27341,10,16,3.7,4.9,GeForce RTX 3070 Ti,23166,8,1575,1770,2,QHD,ULTRA,69,82,98
High,Intel Core i5-12600K,27341,10,16,3.7,4.9,GeForce RTX 3070 Ti,23166,8,1575,1770,2,QHD,HIGH,104,114,134
High,Intel Core i5-12600K,27341,10,16,3.7,4.9,GeForce RTX 3070 Ti,23166,8,1575,1770,2,QHD,MEDIUM,135,152,175
High,Intel Core i5-12600K,27341,10,16,3.7,4.9,AMD Radeon RX 6800,20660,16,1700,1815,2,QHD,ULTRA,71,79,91
High,Intel Core i5-12600K,27341,10,16,3.7,4.9,AMD Radeon RX 6800,20660,16,1700,1815,2,QHD,HIGH,97,107,124
High,Intel Core i5-12600K,27341,10,16,3.7,4.9,AMD Radeon RX 6800,20660,16,1700,1815,2,QHD,MEDIUM,125,140,160
High,Intel Core i5-12600K,27341,10,16,3.7,4.9,GeForce RTX 2080 Ti,21780,11,1350,1545,2,QHD,ULTRA,75,97,84
High,Intel Core i5-12600K,27341,10,16,3.7,4.9,GeForce RTX 2080 Ti,21780,11,1350,1545,2,QHD,HIGH,102,113,130
High,Intel Core i5-12600K,27341,10,16,3.7,4.9,GeForce RTX 2080 Ti,21780,11,1350,1545,2,QHD,MEDIUM,133,148,170
Mid,Intel Core i5-12500,20369,6,12,3,4.6,GeForce GTX 1660 Super,12723,6,1530,1785,2,FHD,ULTRA,61,68,78
Mid,Intel Core i5-12500,20369,6,12,3,4.6,GeForce GTX 1660 Super,12723,6,1530,1785,2,FHD,HIGH,82,91,105
Mid,Intel Core i5-12500,20369,6,12,3,4.6,GeForce GTX 1660 Super,12723,6,1530,1785,2,FHD,MEDIUM,107,119,137
Mid,Intel Core i5-12500,20369,6,12,3,4.6,GeForce RTX 2070,16078,8,1410,1620,2,FHD,ULTRA,73,82,94
Mid,Intel Core i5-12500,20369,6,12,3,4.6,GeForce RTX 2070,16078,8,1410,1620,2,FHD,HIGH,99,110,127
Mid,Intel Core i5-12500,20369,6,12,3,4.6,GeForce RTX 2070,16078,8,1410,1620,2,FHD,MEDIUM,129,144,166
Mid,Intel Core i5-12500,20369,6,12,3,4.6,GeForce RTX 3060,16890,12,1320,1777,2,FHD,ULTRA,76,84,97
Mid,Intel Core i5-12500,20369,6,12,3,4.6,GeForce RTX 3060,16890,12,1320,1777,2,FHD,HIGH,102,113,131
Mid,Intel Core i5-12500,20369,6,12,3,4.6,GeForce RTX 3060,16890,12,1320,1777,2,FHD,MEDIUM,133,148,171
Mid,Intel Core i5-12500,20369,6,12,3,4.6,GeForce RTX 3050,12687,8,1552,1777,2,FHD,ULTRA,50,54,64
Mid,Intel Core i5-12500,20369,6,12,3,4.6,GeForce RTX 3050,12687,8,1552,1777,2,FHD,HIGH,65,74,85
Mid,Intel Core i5-12500,20369,6,12,3,4.6,GeForce RTX 3050,12687,8,1552,1777,2,FHD,MEDIUM,89,96,111
Mid,AMD Ryzen 5 5600X,22103,6,12,3.7,4.6,GeForce GTX 1660 Super,12723,6,1530,1785,2,FHD,ULTRA,63,71,81
Mid,AMD Ryzen 5 5600X,22103,6,12,3.7,4.6,GeForce GTX 1660 Super,12723,6,1530,1785,2,FHD,HIGH,83,93,107
Mid,AMD Ryzen 5 5600X,22103,6,12,3.7,4.6,GeForce GTX 1660 Super,12723,6,1530,1785,2,FHD,MEDIUM,110,123,140
Mid,AMD Ryzen 5 5600X,22103,6,12,3.7,4.6,GeForce RTX 2070,16078,8,1410,1620,2,FHD,ULTRA,76,85,96
Mid,AMD Ryzen 5 5600X,22103,6,12,3.7,4.6,GeForce RTX 2070,16078,8,1410,1620,2,FHD,HIGH,102,115,131
Mid,AMD Ryzen 5 5600X,22103,6,12,3.7,4.6,GeForce RTX 2070,16078,8,1410,1620,2,FHD,MEDIUM,132,149,169
Mid,AMD Ryzen 5 5600X,22103,6,12,3.7,4.6,GeForce RTX 3060,16890,12,1320,1777,2,FHD,ULTRA,78,86,99
Mid,AMD Ryzen 5 5600X,22103,6,12,3.7,4.6,GeForce RTX 3060,16890,12,1320,1777,2,FHD,HIGH,105,116,133
Mid,AMD Ryzen 5 5600X,22103,6,12,3.7,4.6,GeForce RTX 3060,16890,12,1320,1777,2,FHD,MEDIUM,135,149,172
Mid,AMD Ryzen 5 5600X,22103,6,12,3.7,4.6,GeForce RTX 3050,12687,8,1552,1777,2,FHD,ULTRA,52,56,66
Mid,AMD Ryzen 5 5600X,22103,6,12,3.7,4.6,GeForce RTX 3050,12687,8,1552,1777,2,FHD,HIGH,67,77,59
Mid,AMD Ryzen 5 5600X,22103,6,12,3.7,4.6,GeForce RTX 3050,12687,8,1552,1777,2,FHD,MEDIUM,92,98,113
Mid,Intel Core i5-12400F,19658,6,12,2.5,4.4,GeForce GTX 1660 Super,12723,6,1530,1785,2,FHD,ULTRA,60,67,77
Mid,Intel Core i5-12400F,19658,6,12,2.5,4.4,GeForce GTX 1660 Super,12723,6,1530,1785,2,FHD,HIGH,80,89,103
Mid,Intel Core i5-12400F,19658,6,12,2.5,4.4,GeForce GTX 1660 Super,12723,6,1530,1785,2,FHD,MEDIUM,104,118,136
Mid,Intel Core i5-12400F,19658,6,12,2.5,4.4,GeForce RTX 2070,16078,8,1410,1620,2,FHD,ULTRA,72,81,92
Mid,Intel Core i5-12400F,19658,6,12,2.5,4.4,GeForce RTX 2070,16078,8,1410,1620,2,FHD,HIGH,97,108,125
Mid,Intel Core i5-12400F,19658,6,12,2.5,4.4,GeForce RTX 2070,16078,8,1410,1620,2,FHD,MEDIUM,127,142,164
Mid,Intel Core i5-12400F,19658,6,12,2.5,4.4,GeForce RTX 3060,16890,12,1320,1777,2,FHD,ULTRA,75,83,98
Mid,Intel Core i5-12400F,19658,6,12,2.5,4.4,GeForce RTX 3060,16890,12,1320,1777,2,FHD,HIGH,100,112,130
Mid,Intel Core i5-12400F,19658,6,12,2.5,4.4,GeForce RTX 3060,16890,12,1320,1777,2,FHD,MEDIUM,130,146,170
Mid,Intel Core i5-12400F,19658,6,12,2.5,4.4,GeForce RTX 3050,12687,8,1552,1777,2,FHD,ULTRA,49,52,62
Mid,Intel Core i5-12400F,19658,6,12,2.5,4.4,GeForce RTX 3050,12687,8,1552,1777,2,FHD,HIGH,64,72,83
Mid,Intel Core i5-12400F,19658,6,12,2.5,4.4,GeForce RTX 3050,12687,8,1552,1777,2,FHD,MEDIUM,87,94,109
Mid,AMD Ryzen5 PRO 4650G,16431,6,12,3.7,4.2,GeForce GTX 1660 Super,12723,6,1530,1785,2,FHD,ULTRA,61,68,78
Mid,AMD Ryzen5 PRO 4650G,16431,6,12,3.7,4.2,GeForce GTX 1660 Super,12723,6,1530,1785,2,FHD,HIGH,82,91,105
Mid,AMD Ryzen5 PRO 4650G,16431,6,12,3.7,4.2,GeForce GTX 1660 Super,12723,6,1530,1785,2,FHD,MEDIUM,107,119,137
Mid,AMD Ryzen5 PRO 4650G,16431,6,12,3.7,4.2,GeForce RTX 2070,16078,8,1410,1620,2,FHD,ULTRA,73,82,94
Mid,AMD Ryzen5 PRO 4650G,16431,6,12,3.7,4.2,GeForce RTX 2070,16078,8,1410,1620,2,FHD,HIGH,99,110,127
Mid,AMD Ryzen5 PRO 4650G,16431,6,12,3.7,4.2,GeForce RTX 2070,16078,8,1410,1620,2,FHD,MEDIUM,129,144,166
Mid,AMD Ryzen5 PRO 4650G,16431,6,12,3.7,4.2,GeForce RTX 3060,16890,12,1320,1777,2,FHD,ULTRA,76,84,97
Mid,AMD Ryzen5 PRO 4650G,16431,6,12,3.7,4.2,GeForce RTX 3060,16890,12,1320,1777,2,FHD,HIGH,102,113,131
Mid,AMD Ryzen5 PRO 4650G,16431,6,12,3.7,4.2,GeForce RTX 3060,16890,12,1320,1777,2,FHD,MEDIUM,133,148,171
Mid,AMD Ryzen5 PRO 4650G,16431,6,12,3.7,4.2,GeForce RTX 3050,12687,8,1552,1777,2,FHD,ULTRA,50,54,64
Mid,AMD Ryzen5 PRO 4650G,16431,6,12,3.7,4.2,GeForce RTX 3050,12687,8,1552,1777,2,FHD,HIGH,65,74,85
Mid,AMD Ryzen5 PRO 4650G,16431,6,12,3.7,4.2,GeForce RTX 3050,12687,8,1552,1777,2,FHD,MEDIUM,89,96,111
Low,Intel Core i3-12100F,14566,4,8,3.3,4.3,GeForce GTX 1650,7797,4,1410,1590,2,FHD,ULTRA,43,48,55
Low,Intel Core i3-12100F,14566,4,8,3.3,4.3,GeForce GTX 1650,7797,4,1410,1590,2,FHD,HIGH,58,64,74
Low,Intel Core i3-12100F,14566,4,8,3.3,4.3,GeForce GTX 1650,7797,4,1410,1590,2,FHD,MEDIUM,76,84,97
Low,Intel Core i3-12100F,14566,4,8,3.3,4.3,GeForce GTX 1050Ti,6314,4,1291,1392,2,FHD,ULTRA,37,41,47
Low,Intel Core i3-12100F,14566,4,8,3.3,4.3,GeForce GTX 1050Ti,6314,4,1291,1392,2,FHD,HIGH,50,55,64
Low,Intel Core i3-12100F,14566,4,8,3.3,4.3,GeForce GTX 1050Ti,6314,4,1291,1392,2,FHD,MEDIUM,65,72,83
Low,Intel Core i3-12100,14573,4,8,3.3,4.3,Intel UHD 730,1521,4,300,1400,2,FHD,ULTRA,10,13,16
Low,Intel Core i3-12100,14573,4,8,3.3,4.3,Intel UHD 730,1521,4,300,1400,2,FHD,HIGH,15,19,21
Low,Intel Core i3-12100,14573,4,8,3.3,4.3,Intel UHD 730,1521,4,300,1400,2,FHD,MEDIUM,20,24,30
Low,AMD Ryzen 5 5600G,19830,6,12,3.9,4.4,Radeon Ryzen 5 5600G,2561,0.5,1900,1900,2,FHD,ULTRA,15,19,21
Low,AMD Ryzen 5 5600G,19830,6,12,3.9,4.4,Radeon Ryzen 5 5600G,2561,0.5,1900,1900,2,FHD,HIGH,20,24,30
Low,AMD Ryzen 5 5600G,19830,6,12,3.9,4.4,Radeon Ryzen 5 5600G,2561,0.5,1900,1900,2,FHD,MEDIUM,35,45,58
High,Intel Core i9-12900,38803,16,24,2.4,5.1,GeForce RTX 3090,26303,24,1560,1860,3,QHD,ULTRA,316,425,605
High,Intel Core i9-12900,38803,16,24,2.4,5.1,GeForce RTX 3090,26303,24,1560,1860,3,QHD,HIGH,429,575,850
High,Intel Core i9-12900,38803,16,24,2.4,5.1,GeForce RTX 3090,26303,24,1560,1860,3,QHD,MEDIUM,570,756,1100
High,Intel Core i9-12900,38803,16,24,2.4,5.1,GeForce RTX 3080 Ti,26619,12,1365,1665,3,QHD,ULTRA,314,419,624
High,Intel Core i9-12900,38803,16,24,2.4,5.1,GeForce RTX 3080 Ti,26619,12,1365,1665,3,QHD,HIGH,423,565,840
High,Intel Core i9-12900,38803,16,24,2.4,5.1,GeForce RTX 3080 Ti,26619,12,1365,1665,3,QHD,MEDIUM,552,737,1096
High,Intel Core i9-12900,38803,16,24,2.4,5.1,GeForce RTX 2080 Ti,21780,11,1350,1545,3,QHD,ULTRA,224,300,446
High,Intel Core i9-12900,38803,16,24,2.4,5.1,GeForce RTX 2080 Ti,21780,11,1350,1545,3,QHD,HIGH,302,404,601
High,Intel Core i9-12900,38803,16,24,2.4,5.1,GeForce RTX 2080 Ti,21780,11,1350,1545,3,QHD,MEDIUM,395,527,784
High,AMD Ryzen 7 5800X,28393,8,16,3.8,4.7,GeForce RTX 3080 Ti,26619,12,1365,1665,3,QHD,ULTRA,314,419,624
High,AMD Ryzen 7 5800X,28393,8,16,3.8,4.7,GeForce RTX 3080 Ti,26619,12,1365,1665,3,QHD,HIGH,423,565,840
High,AMD Ryzen 7 5800X,28393,8,16,3.8,4.7,GeForce RTX 3080 Ti,26619,12,1365,1665,3,QHD,MEDIUM,552,737,1096
High,AMD Ryzen 7 5800X,28393,8,16,3.8,4.7,GeForce RTX 3070 Ti,23166,8,1575,1770,3,QHD,ULTRA,300,400,596
High,AMD Ryzen 7 5800X,28393,8,16,3.8,4.7,GeForce RTX 3070 Ti,23166,8,1575,1770,3,QHD,HIGH,404,540,804
High,AMD Ryzen 7 5800X,28393,8,16,3.8,4.7,GeForce RTX 3070 Ti,23166,8,1575,1770,3,QHD,MEDIUM,528,705,1040
High,AMD Ryzen 7 5800X,28393,8,16,3.8,4.7,AMD Radeon RX 6800,20660,16,1700,1815,3,QHD,ULTRA,211,282,420
High,AMD Ryzen 7 5800X,28393,8,16,3.8,4.7,AMD Radeon RX 6800,20660,16,1700,1815,3,QHD,HIGH,285,381,566
High,AMD Ryzen 7 5800X,28393,8,16,3.8,4.7,AMD Radeon RX 6800,20660,16,1700,1815,3,QHD,MEDIUM,372,497,739
High,AMD Ryzen 7 5800X,28393,8,16,3.8,4.7,GeForce RTX 2080 Ti,21780,11,1350,1545,3,QHD,ULTRA,224,300,446
High,AMD Ryzen 7 5800X,28393,8,16,3.8,4.7,GeForce RTX 2080 Ti,21780,11,1350,1545,3,QHD,HIGH,302,404,601
High,AMD Ryzen 7 5800X,28393,8,16,3.8,4.7,GeForce RTX 2080 Ti,21780,11,1350,1545,3,QHD,MEDIUM,395,527,784
High,Intel Core i7-12700K,33961,12,20,3.6,5,GeForce RTX 3090,26303,24,1560,1860,3,QHD,ULTRA,316,425,605
High,Intel Core i7-12700K,33961,12,20,3.6,5,GeForce RTX 3090,26303,24,1560,1860,3,QHD,HIGH,429,575,850
High,Intel Core i7-12700K,33961,12,20,3.6,5,GeForce RTX 3090,26303,24,1560,1860,3,QHD,MEDIUM,570,756,1100
High,Intel Core i7-12700K,33961,12,20,3.6,5,GeForce RTX 3080 Ti,26619,12,1365,1665,3,QHD,ULTRA,314,419,624
High,Intel Core i7-12700K,33961,12,20,3.6,5,GeForce RTX 3080 Ti,26619,12,1365,1665,3,QHD,HIGH,423,565,840
High,Intel Core i7-12700K,33961,12,20,3.6,5,GeForce RTX 3080 Ti,26619,12,1365,1665,3,QHD,MEDIUM,552,737,1096
High,Intel Core i7-12700K,33961,12,20,3.6,5,GeForce RTX 3070 Ti,23166,8,1575,1770,3,QHD,ULTRA,300,400,596
High,Intel Core i7-12700K,33961,12,20,3.6,5,GeForce RTX 3070 Ti,23166,8,1575,1770,3,QHD,HIGH,404,540,804
High,Intel Core i7-12700K,33961,12,20,3.6,5,GeForce RTX 3070 Ti,23166,8,1575,1770,3,QHD,MEDIUM,528,705,1040
High,Intel Core i7-12700K,33961,12,20,3.6,5,AMD Radeon RX 6800,20660,16,1700,1815,3,QHD,ULTRA,211,282,420
High,Intel Core i7-12700K,33961,12,20,3.6,5,AMD Radeon RX 6800,20660,16,1700,1815,3,QHD,HIGH,285,381,566
High,Intel Core i7-12700K,33961,12,20,3.6,5,AMD Radeon RX 6800,20660,16,1700,1815,3,QHD,MEDIUM,372,497,739
High,Intel Core i7-12700K,33961,12,20,3.6,5,GeForce RTX 2080 Ti,21780,11,1350,1545,3,QHD,ULTRA,224,300,446
High,Intel Core i7-12700K,33961,12,20,3.6,5,GeForce RTX 2080 Ti,21780,11,1350,1545,3,QHD,HIGH,302,404,601
High,Intel Core i7-12700K,33961,12,20,3.6,5,GeForce RTX 2080 Ti,21780,11,1350,1545,3,QHD,MEDIUM,395,527,784
High,Intel Core i5-12600K,27341,10,16,3.7,4.9,GeForce RTX 3090,26303,24,1560,1860,3,QHD,ULTRA,300,400,596
High,Intel Core i5-12600K,27341,10,16,3.7,4.9,GeForce RTX 3090,26303,24,1560,1860,3,QHD,HIGH,404,540,804
High,Intel Core i5-12600K,27341,10,16,3.7,4.9,GeForce RTX 3090,26303,24,1560,1860,3,QHD,MEDIUM,528,705,1040
High,Intel Core i5-12600K,27341,10,16,3.7,4.9,GeForce RTX 3080 Ti,26619,12,1365,1665,3,QHD,ULTRA,300,400,596
High,Intel Core i5-12600K,27341,10,16,3.7,4.9,GeForce RTX 3080 Ti,26619,12,1365,1665,3,QHD,HIGH,404,540,804
High,Intel Core i5-12600K,27341,10,16,3.7,4.9,GeForce RTX 3080 Ti,26619,12,1365,1665,3,QHD,MEDIUM,528,705,1040
High,Intel Core i5-12600K,27341,10,16,3.7,4.9,GeForce RTX 3070 Ti,23166,8,1575,1770,3,QHD,ULTRA,300,400,596
High,Intel Core i5-12600K,27341,10,16,3.7,4.9,GeForce RTX 3070 Ti,23166,8,1575,1770,3,QHD,HIGH,404,540,804
High,Intel Core i5-12600K,27341,10,16,3.7,4.9,GeForce RTX 3070 Ti,23166,8,1575,1770,3,QHD,MEDIUM,528,705,1040
High,Intel Core i5-12600K,27341,10,16,3.7,4.9,AMD Radeon RX 6800,20660,16,1700,1815,3,QHD,ULTRA,300,400,596
High,Intel Core i5-12600K,27341,10,16,3.7,4.9,AMD Radeon RX 6800,20660,16,1700,1815,3,QHD,HIGH,404,540,804
High,Intel Core i5-12600K,27341,10,16,3.7,4.9,AMD Radeon RX 6800,20660,16,1700,1815,3,QHD,MEDIUM,528,705,1040
High,Intel Core i5-12600K,27341,10,16,3.7,4.9,GeForce RTX 2080 Ti,21780,11,1350,1545,3,QHD,ULTRA,300,400,596
High,Intel Core i5-12600K,27341,10,16,3.7,4.9,GeForce RTX 2080 Ti,21780,11,1350,1545,3,QHD,HIGH,404,540,804
High,Intel Core i5-12600K,27341,10,16,3.7,4.9,GeForce RTX 2080 Ti,21780,11,1350,1545,3,QHD,MEDIUM,528,705,1040
Mid,Intel Core i5-12500,20369,6,12,3,4.6,GeForce GTX 1660 Super,12723,6,1530,1785,3,FHD,ULTRA,181,242,360
Mid,Intel Core i5-12500,20369,6,12,3,4.6,GeForce GTX 1660 Super,12723,6,1530,1785,3,FHD,HIGH,244,326,485
Mid,Intel Core i5-12500,20369,6,12,3,4.6,GeForce GTX 1660 Super,12723,6,1530,1785,3,FHD,MEDIUM,318,425,633
Mid,Intel Core i5-12500,20369,6,12,3,4.6,GeForce RTX 2070,16078,8,1410,1620,3,FHD,ULTRA,218,292,434
Mid,Intel Core i5-12500,20369,6,12,3,4.6,GeForce RTX 2070,16078,8,1410,1620,3,FHD,HIGH,294,393,585
Mid,Intel Core i5-12500,20369,6,12,3,4.6,GeForce RTX 2070,16078,8,1410,1620,3,FHD,MEDIUM,384,513,763
Mid,Intel Core i5-12500,20369,6,12,3,4.6,GeForce RTX 3060,16890,12,1320,1777,3,FHD,ULTRA,225,301,447
Mid,Intel Core i5-12500,20369,6,12,3,4.6,GeForce RTX 3060,16890,12,1320,1777,3,FHD,HIGH,303,405,603
Mid,Intel Core i5-12500,20369,6,12,3,4.6,GeForce RTX 3060,16890,12,1320,1777,3,FHD,MEDIUM,396,529,786
Mid,Intel Core i5-12500,20369,6,12,3,4.6,GeForce RTX 3050,12687,8,1552,1777,3,FHD,ULTRA,220,296,440
Mid,Intel Core i5-12500,20369,6,12,3,4.6,GeForce RTX 3050,12687,8,1552,1777,3,FHD,HIGH,290,390,581
Mid,Intel Core i5-12500,20369,6,12,3,4.6,GeForce RTX 3050,12687,8,1552,1777,3,FHD,MEDIUM,380,510,760
Mid,AMD Ryzen 5 5600X,22103,6,12,3.7,4.6,GeForce GTX 1660 Super,12723,6,1530,1785,3,FHD,ULTRA,181,242,360
Mid,AMD Ryzen 5 5600X,22103,6,12,3.7,4.6,GeForce GTX 1660 Super,12723,6,1530,1785,3,FHD,HIGH,244,326,485
Mid,AMD Ryzen 5 5600X,22103,6,12,3.7,4.6,GeForce GTX 1660 Super,12723,6,1530,1785,3,FHD,MEDIUM,318,425,633
Mid,AMD Ryzen 5 5600X,22103,6,12,3.7,4.6,GeForce RTX 2070,16078,8,1410,1620,3,FHD,ULTRA,218,292,434
Mid,AMD Ryzen 5 5600X,22103,6,12,3.7,4.6,GeForce RTX 2070,16078,8,1410,1620,3,FHD,HIGH,294,393,585
Mid,AMD Ryzen 5 5600X,22103,6,12,3.7,4.6,GeForce RTX 2070,16078,8,1410,1620,3,FHD,MEDIUM,384,513,763
Mid,AMD Ryzen 5 5600X,22103,6,12,3.7,4.6,GeForce RTX 3060,16890,12,1320,1777,3,FHD,ULTRA,225,301,447
Mid,AMD Ryzen 5 5600X,22103,6,12,3.7,4.6,GeForce RTX 3060,16890,12,1320,1777,3,FHD,HIGH,303,405,603
Mid,AMD Ryzen 5 5600X,22103,6,12,3.7,4.6,GeForce RTX 3060,16890,12,1320,1777,3,FHD,MEDIUM,396,529,786
Mid,AMD Ryzen 5 5600X,22103,6,12,3.7,4.6,GeForce RTX 3050,12687,8,1552,1777,3,FHD,ULTRA,220,296,440
Mid,AMD Ryzen 5 5600X,22103,6,12,3.7,4.6,GeForce RTX 3050,12687,8,1552,1777,3,FHD,HIGH,290,390,581
Mid,AMD Ryzen 5 5600X,22103,6,12,3.7,4.6,GeForce RTX 3050,12687,8,1552,1777,3,FHD,MEDIUM,380,510,760
Mid,Intel Core i5-12400F,19658,6,12,2.5,4.4,GeForce GTX 1660 Super,12723,6,1530,1785,3,FHD,ULTRA,181,242,360
Mid,Intel Core i5-12400F,19658,6,12,2.5,4.4,GeForce GTX 1660 Super,12723,6,1530,1785,3,FHD,HIGH,244,326,485
Mid,Intel Core i5-12400F,19658,6,12,2.5,4.4,GeForce GTX 1660 Super,12723,6,1530,1785,3,FHD,MEDIUM,318,425,633
Mid,Intel Core i5-12400F,19658,6,12,2.5,4.4,GeForce RTX 2070,16078,8,1410,1620,3,FHD,ULTRA,218,292,434
Mid,Intel Core i5-12400F,19658,6,12,2.5,4.4,GeForce RTX 2070,16078,8,1410,1620,3,FHD,HIGH,294,393,585
Mid,Intel Core i5-12400F,19658,6,12,2.5,4.4,GeForce RTX 2070,16078,8,1410,1620,3,FHD,MEDIUM,384,513,763
Mid,Intel Core i5-12400F,19658,6,12,2.5,4.4,GeForce RTX 3060,16890,12,1320,1777,3,FHD,ULTRA,225,301,447
Mid,Intel Core i5-12400F,19658,6,12,2.5,4.4,GeForce RTX 3060,16890,12,1320,1777,3,FHD,HIGH,303,405,603
Mid,Intel Core i5-12400F,19658,6,12,2.5,4.4,GeForce RTX 3060,16890,12,1320,1777,3,FHD,MEDIUM,396,529,786
Mid,Intel Core i5-12400F,19658,6,12,2.5,4.4,GeForce RTX 3050,12687,8,1552,1777,3,FHD,ULTRA,220,296,440
Mid,Intel Core i5-12400F,19658,6,12,2.5,4.4,GeForce RTX 3050,12687,8,1552,1777,3,FHD,HIGH,290,390,581
Mid,Intel Core i5-12400F,19658,6,12,2.5,4.4,GeForce RTX 3050,12687,8,1552,1777,3,FHD,MEDIUM,380,510,760
Mid,AMD Ryzen5 PRO 4650G,16431,6,12,3.7,4.2,GeForce GTX 1660 Super,12723,6,1530,1785,3,FHD,ULTRA,181,242,360
Mid,AMD Ryzen5 PRO 4650G,16431,6,12,3.7,4.2,GeForce GTX 1660 Super,12723,6,1530,1785,3,FHD,HIGH,244,326,485
Mid,AMD Ryzen5 PRO 4650G,16431,6,12,3.7,4.2,GeForce GTX 1660 Super,12723,6,1530,1785,3,FHD,MEDIUM,318,425,633
Mid,AMD Ryzen5 PRO 4650G,16431,6,12,3.7,4.2,GeForce RTX 2070,16078,8,1410,1620,3,FHD,ULTRA,218,292,434
Mid,AMD Ryzen5 PRO 4650G,16431,6,12,3.7,4.2,GeForce RTX 2070,16078,8,1410,1620,3,FHD,HIGH,294,393,585
Mid,AMD Ryzen5 PRO 4650G,16431,6,12,3.7,4.2,GeForce RTX 2070,16078,8,1410,1620,3,FHD,MEDIUM,384,513,763
Mid,AMD Ryzen5 PRO 4650G,16431,6,12,3.7,4.2,GeForce RTX 3060,16890,12,1320,1777,3,FHD,ULTRA,225,301,447
Mid,AMD Ryzen5 PRO 4650G,16431,6,12,3.7,4.2,GeForce RTX 3060,16890,12,1320,1777,3,FHD,HIGH,303,405,603
Mid,AMD Ryzen5 PRO 4650G,16431,6,12,3.7,4.2,GeForce RTX 3060,16890,12,1320,1777,3,FHD,MEDIUM,396,529,786
Mid,AMD Ryzen5 PRO 4650G,16431,6,12,3.7,4.2,GeForce RTX 3050,12687,8,1552,1777,3,FHD,ULTRA,220,296,440
Mid,AMD Ryzen5 PRO 4650G,16431,6,12,3.7,4.2,GeForce RTX 3050,12687,8,1552,1777,3,FHD,HIGH,290,390,581
Mid,AMD Ryzen5 PRO 4650G,16431,6,12,3.7,4.2,GeForce RTX 3050,12687,8,1552,1777,3,FHD,MEDIUM,380,510,760
Low,Intel Core i3-12100F,14566,4,8,3.3,4.3,GeForce GTX 1650,7797,4,1410,1590,3,FHD,ULTRA,128,171,254
Low,Intel Core i3-12100F,14566,4,8,3.3,4.3,GeForce GTX 1650,7797,4,1410,1590,3,FHD,HIGH,172,230,343
Low,Intel Core i3-12100F,14566,4,8,3.3,4.3,GeForce GTX 1650,7797,4,1410,1590,3,FHD,MEDIUM,225,301,447
Low,Intel Core i3-12100F,14566,4,8,3.3,4.3,GeForce GTX 1050Ti,6314,4,1291,1392,3,FHD,ULTRA,110,147,219
Low,Intel Core i3-12100F,14566,4,8,3.3,4.3,GeForce GTX 1050Ti,6314,4,1291,1392,3,FHD,HIGH,149,198,295
Low,Intel Core i3-12100F,14566,4,8,3.3,4.3,GeForce GTX 1050Ti,6314,4,1291,1392,3,FHD,MEDIUM,194,259,385
Low,Intel Core i3-12100,14573,4,8,3.3,4.3,Intel UHD 730,1521,4,300,1400,3,FHD,ULTRA,80,110,140
Low,Intel Core i3-12100,14573,4,8,3.3,4.3,Intel UHD 730,1521,4,300,1400,3,FHD,HIGH,121,146,165
Low,Intel Core i3-12100,14573,4,8,3.3,4.3,Intel UHD 730,1521,4,300,1400,3,FHD,MEDIUM,156,180,210
Low,AMD Ryzen 5 5600G,19830,6,12,3.9,4.4,Radeon Ryzen 5 5600G,2561,0.5,1900,1900,3,FHD,ULTRA,91,135,150
Low,AMD Ryzen 5 5600G,19830,6,12,3.9,4.4,Radeon Ryzen 5 5600G,2561,0.5,1900,1900,3,FHD,HIGH,120,154,185
Low,AMD Ryzen 5 5600G,19830,6,12,3.9,4.4,Radeon Ryzen 5 5600G,2561,0.5,1900,1900,3,FHD,MEDIUM,140,180,210
Predict,,22103.0,6.0,12.0,,,,12687.0,8.0,,1777.0,1,FHD,HIGH,,64,
Predict,,22103.0,6.0,12.0,,,,12687.0,8.0,,1777.0,2,FHD,HIGH,,84,
Predict,,22103.0,6.0,12.0,,,,12687.0,8.0,,1777.0,3,FHD,HIGH,,345,
Predict,,22103.0,6.0,12.0,,,,12723.0,6.0,,1777.0,1,FHD,HIGH,,64,
Predict,,22103.0,6.0,12.0,,,,12723.0,6.0,,1777.0,2,FHD,HIGH,,84,
Predict,,22103.0,6.0,12.0,,,,12723.0,6.0,,1777.0,3,FHD,HIGH,,351,
Predict,,14534.0,6.0,12.0,,,,18176.0,8.0,,1770.0,1,FHD,HIGH,,73,
Predict,,14534.0,6.0,12.0,,,,18176.0,8.0,,1770.0,2,FHD,HIGH,,123,
Predict,,14534.0,6.0,12.0,,,,18176.0,8.0,,1770.0,3,FHD,HIGH,,469,
